{
  "nerve": "SCIATIC",
  "feature_names": [
    "input_std",
    "blur_survival",
    "frac_dark"
  ],
  "mean": [
    0.17959941923618317,
    0.7929283976554871,
    0.17188914120197296
  ],
  "std": [
    0.06479635089635849,
    0.26478612422943115,
    0.25743192434310913
  ],
  "weight": [
    -4.911220550537109,
    6.046512126922607,
    1.355120062828064
  ],
  "bias": -2.2048254013061523,
  "threshold": 0.1,
  "pred_thresh": 0.5,
  "ungated_dice": 0.7193497827895313,
  "gated_dice": 0.7193497827895313,
  "retain": 1.0,
  "noise_gated_px": 0,
  "zeros_gated_px": 0,
  "passed": true
}