{
  "nerve": "ULNAR",
  "feature_names": [
    "input_std",
    "blur_survival",
    "frac_dark"
  ],
  "mean": [
    0.19351448118686676,
    0.7929555773735046,
    0.1554774045944214
  ],
  "std": [
    0.05933763086795807,
    0.2809426188468933,
    0.23292189836502075
  ],
  "weight": [
    -1.8479864597320557,
    6.439739227294922,
    3.317702054977417
  ],
  "bias": -2.317124366760254,
  "threshold": 0.1,
  "pred_thresh": 0.5,
  "ungated_dice": 0.6110160357747303,
  "gated_dice": 0.6110160357747303,
  "retain": 1.0,
  "noise_gated_px": 0,
  "zeros_gated_px": 0,
  "passed": true
}