{
  "nerve": "MEDIAN",
  "feature_names": [
    "input_std",
    "blur_survival",
    "frac_dark"
  ],
  "mean": [
    0.2118079662322998,
    0.7375035285949707,
    0.071013443171978
  ],
  "std": [
    0.05971303582191467,
    0.3156844973564148,
    0.22102855145931244
  ],
  "weight": [
    -1.2646733522415161,
    6.798770904541016,
    3.3563356399536133
  ],
  "bias": -4.184568405151367,
  "threshold": 0.2,
  "pred_thresh": 0.5,
  "ungated_dice": 0.6904376180357138,
  "gated_dice": 0.6904376180357138,
  "retain": 1.0,
  "noise_gated_px": 0,
  "zeros_gated_px": 0,
  "passed": true
}