{
  "nerve": "FEMORAL",
  "feature_names": [
    "input_std",
    "blur_survival",
    "frac_dark"
  ],
  "mean": [
    0.20219573378562927,
    0.7424903512001038,
    0.12449806928634644
  ],
  "std": [
    0.06517117470502853,
    0.30533745884895325,
    0.2593132257461548
  ],
  "weight": [
    -1.5265504121780396,
    5.495175361633301,
    3.3569254875183105
  ],
  "bias": -4.802464962005615,
  "threshold": 0.15,
  "pred_thresh": 0.5,
  "ungated_dice": 0.7373627802267293,
  "gated_dice": 0.7373627802267293,
  "retain": 1.0,
  "noise_gated_px": 0,
  "zeros_gated_px": 0,
  "passed": true
}